nama makanan (label),nama file
bakso,1.c993eff2-ea2b-412a-b7ab-69ed1011a2b7.jpeg
bakso,10.5-baksouratcaktoha-by-meufood.jpg
bakso,11.picture-1533715564.jpg
bakso,12.60023381-406942086558555-8578586919605062379-n-e28d2547bf1d59caa94445f25481570a_600x400.jpg
bakso,13.976276341.jpg
bakso,14.bakso-5cfdf810c01a4c48605197bb.jpg
bakso,15.cara-membuat-bakso-enak-dan-kenyal-di-rumah-ini-cara-membuat-kuahnya.jpg
bakso,16.ilustrasi-bakso-sapi.jpg
bakso,17.masih-simpan-daging-kurban-yuk-dibikin-jadi-bakso-sapi-lezat-3q5ap429oq.jpg
bakso,18.bakso_indonesia_70704265_520489512034241_1982311777367388094_n-1024x1024.jpg
bakso,19.1.-resep-bakso-sapi-solo.jpg
bakso,2.bakso_mi_bihun.jpg
bakso,20.bakso-lobster-819x1024.jpg
bakso,21.5d65f47d3ea92.jpg
bakso,22.resep-bakso-urat.jpg
bakso,23.whatsapp-image-2019-07-05-at-7.47.09-am.jpeg
bakso,24.3216496_48eb7f8c-3154-4be3-b147-f806231f8940_1728_1728.jpg
bakso,25.64223268-2301178586867869-7572995226712035086-n-d1de6bc645c70c3c63bb660eeafcf277_600x400.jpg
bakso,26.02-@misscarolinebong.jpg
bakso,27.5755e7cc-0b2f-4276-b229-ed5fe139fc0d.jpeg
bakso,28.5da6f41253f4b-bakso-mercon-pak-roso-salemba_665_374.jpg
bakso,29.022893400_1554532265-bakso_cak_pitung_budiono_sukses3.jpg
bakso,3.photo.jpg
bakso,30.bakso-56a8a6e73df78cf7729f6c17.jpg
bakso,31.cara-membuat-bakso-sapi-kenyal-alami-595e4d19907a61d81a89575f.jpg
bakso,32.resep-bakso-malang.jpg
bakso,33.bakso-lebong.jpg
bakso,34.t_5ddcdfaf274c7.jpg
bakso,35.4.-resep-bakso-sapi-wonogiri.jpeg
bakso,36.bakso-lobster-bekasi-2.jpeg
bakso,37.img-20200707-112047-5597bfcb390c892355d5b700bd2bbfd6_600x400.jpg
bakso,38.876a2a94d787bd46e798b41ad2bba06c.jpg
bakso,39.bosan-dengan-buatan-abang-abang-yuk-bikin-hidangan-bakso-sendiri-lweq4lo941.jpg
bakso,4.cara-membuat-bakso-ayam-dan-bakso-sapi-beserta-kuahnya-1912115.jpg
bakso,40.15ee23b06ffc284746c47f811c6ffb22.jpg
bakso,41.resep-bakso-sapi-headere.jpg
bakso,42.resep-dan-cara-membuat-bakso-beranak.jpg
bakso,43.bakso-istockphoto-copy.jpg
bakso,44.5d40e094268d3.jpg
bakso,45.153269828986069_4d99e9a0-b760-4462-97ce-1352ad14852a.png.jpg
bakso,46.750xauto-resep-membuat-jajanan-bakso-pentol-di-rumah-mudah-banget-190130b.png.jpg
bakso,47.foto_thumbnail_bakso_sapi.jpg
bakso,48.asian-noodle-soup-with-chicken-meatballs-547246-cd349c9158b3d52b2effa427400a27a2_800x420.jpg
bakso,49.rest_439-720x720-fit_and_trim-7e6bc41828fdf5ce72488be898c589a0.jpeg
bakso,5.4d10c33e-c558-4c32-8b0a-baf65ba6f66a.jpeg
bakso,50.672831_720.jpg
bakso,51.indonesian_bakso%2c_with_noodle_and_bean_sprouts%2c_april_2018_%2803%29.jpg
bakso,52.maxresdefault.jpg
bakso,53.020184700_1518697892-bakso_liputan6.jpg
bakso,54.bakso-362ae4f801fa9cf14e910faf3cd4eae0_600x400.jpg
bakso,55.bakso-istockphoto-_ratio-16x9.jpg
bakso,56.resep_bakso_solo_mahi.jpg
bakso,57.bakso-lobster-bekasi_169.png.jpg
bakso,58.rest_196-1080x720-fit_and_trim-8f174e6c2993232e4f88940e1150a07c.jpeg
bakso,59.7d23d18d-e6e4-48ea-a280-81c5db57fa95.jpg
bakso,6.066661300_1521949447-bakso.jpg
bakso,60.baso-ati-raja-kuliner-asal-makassar-_180511164235-447.jpg
bakso,61.bakso-225x225.jpg
bakso,62.mie-bakso-tetelan-foto-resep-utama.jpg
bakso,63.snapshot1534230712447.png
bakso,64.bakso-lobster-3.jpg
bakso,65.buat-stok-di-kulkas-ini-cara-mudah-bikin-bakso-sapi-jmk6y6sjup.jpg
bakso,66.cara-membuat-bakso-ayam-paling-mudah.jpg
bakso,67.igkulinerbakso_81220712_577787506115966_4253214359690601991_n.jpg
bakso,68.ilustrasi-bakso-sapi.jpg
bakso,69.img_03042020_103259__822_x_430_piksel_.jpg
bakso,7.butuh-stok-makanan-agar-tak-sering-keluar-rumah-ini-resep-bakso-sapi-gvtkdbia7z.jpg
bakso,70.cara-membuat-bakso-sapi.jpg.png
bakso,71.t_5e8ae61f8de36.jpg
bakso,72.0146eac46ad57af96828035238474baf.jpg
bakso,73.47694894-793499307660671-3451897624979540239-n-65d96f6c20eb97e8d5b1d0d2739a7769_600x400.jpg
bakso,74.bakso-kuah-50425669.jpg
bakso,75.ragam-menu-bakso-di-bakso-granat-mas-aziz-palembang.jpg
bakso,76.picture-1585208124.jpg
bakso,77.bakso-ikan-bakar.jpg
bakso,78.bakso-penyet-boncabe.jpg
bakso,79.bakso%20wonogiri.jpg
bakso,8.774b2584-2da7-429e-b3aa-8a4a4561b974.jpeg
bakso,80.5205395=s1280=h960.jpg
bakso,81.bakso-goreng-malang-620x440.jpg
bakso,82.bakso-di-bogor-02.jpg
bakso,83.bakso-sapi-blender-ala-pontianak-dgn-mie-tiaw-foto-resep-utama.jpg
bakso,84.e0171135-8a59-430f-b1f8-9a810abda188.jpg
bakso,85.baksodemit-696x542.jpg
bakso,86.p1010053.jpg
bakso,87.id-bakso-buka-baju-11-700x700.jpg
bakso,88.000775800_1584600830-bakso_udang.jpg
bakso,89.-_190316185913-734.jpg
bakso,9.resep-bakso-sapi-praktis-300x234.jpg
bakso,90.bakso-tahu-kaya-gizi-untuk-camilan-selama-di-rumah-200320m.jpg
bakso,91.3c60dd5c14f451d3fe8a1b4c2beacdf4.jpg
bakso,92.rica-rica-bakso.jpg
bakso,93.1563018071.jpg
bakso,94.2688378494.jpg
bakso,95.8006553=s1280=h960.jpg
bakso,96.055666200_1539846204-1.jpg
bakso,97.bakso-lobster-bekasi-2_169.jpeg
bakso,98.maxresdefault.jpg
bakso,99.750xauto-7-resep-kuah-bakso-bumbu-sederhana-ala-rumahan-enak-dan-praktis-1910042.jpg
bika ambon,1.250px-kue_bika_ambon.jpg
bika ambon,10.683986770.jpg
bika ambon,11.083135300_1427970222-bikaambon.jpg
bika ambon,12.ads59fbe2aa8f02d.jpg
bika ambon,13.bika-ambon-enaaak-kenyaal-%f0%9f%91%8d-foto-resep-utama.jpg
bika ambon,14.sering-dikira-dari-ambon-ini-6-fakta-menarik-bika-ambon-asli-medan-yang-melegenda.jpg
bika ambon,15.cara-membuat-kue-bika-ambon-cokelat.jpg
bika ambon,16.bika-ambon-by-v-imellia-hijaya.jpg
bika ambon,17.2030-0-5b1d8bf9ed405f75aec91aa1e88960b9.jpg
bika ambon,18.alasan-penamaan-bika-ambon-dari-medan-fenx.jpg
bika ambon,19.4701524_df8fc239-7691-4f17-8619-8668103da2ec_656_656.jpg
bika ambon,2.93030186-126245265666220-924083176251376149-n-094c1b6d1800a9bd1631846aa8627cd4_600x400.jpg
bika ambon,20.t_5dd3b1ac84957.jpg
bika ambon,21.bika-ambon-no-oven-praktis-ekonomis-enakanbikinsendiri-foto-resep-utama.jpg
bika ambon,22.bika-ambon.jpg
bika ambon,23.99bikambon222.jpg
bika ambon,24.2c30b0b473e18268143bcdef62c08899.jpg
bika ambon,25.medium_bika_ambon__id.tastemade.com_.png
bika ambon,26.bola-deli-tt-bika-ambon-props-website-main.jpg
bika ambon,27.745.jpg
bika ambon,28.majestyk_bika_ambon_keju_full02.jpg
bika ambon,29.resep-nenek-belajar-bikin-bika-ambon-khas-medan-yuk-6jvvwjhaf9.jpg
bika ambon,3.resep-bika-ambon.jpg
bika ambon,30.da1b34d32852e5c86e82d5901772ddc5.jpg
bika ambon,31.0_3cb84bf5-2c48-45cf-88a6-deb5382c6d72_1280_853.jpg.png
bika ambon,32.022548300_1543367945-resep-bika-ambon-mini-punel-manis.jpg
bika ambon,33.5a606a68e3db9-bika-ambon-ekonomis_665_374.jpg
bika ambon,34.bika-ambon-khas-medan-foto-resep-utama.jpg
bika ambon,35.bika-ambon-zulaikha.jpg
bika ambon,36.39ec44877ce041b88f7ef18a88fe0b37.jpg_340x340q80.jpg_.webp
bika ambon,37.73d5ee2377c88daa1af47863b3eb7f86.jpg
bika ambon,38.bika-ambon-5d071be93ba7f708891610d2.jpg
bika ambon,39.bika-ambon-scaled.jpg
bika ambon,4.0_d10179bd-071d-458e-a57c-06c488021d9f_719_599.jpg
bika ambon,40.33cbb5f88324022445d8b61e512a9ec7.jpg
bika ambon,41.5016-bika-ambon.jpg
bika ambon,42.resep-bika-ambon-pandan.jpg
bika ambon,43.bika-mix-10x20-1.jpeg
bika ambon,45.d19505bce87ec5ace822da37a7f3f489.jpg
bika ambon,46.bika-ambon-by-sweetbutterfly.jpg
bika ambon,47.39895e8a5fc657b27ddadc7e1206fccf.jpg
bika ambon,48.d4f51a34052caa1fb5c00d9380b183c5_1528854087.jpg
bika ambon,49.2268.2268_d12a4894001c47ddae1bf5d102faeba3.jpg
bika ambon,5.5218743=s1280=h960.jpg
bika ambon,50.img20180305192054.jpg
bika ambon,51.6f2c15846372bdaf662c42183c07c37c.jpg
bika ambon,52.424819_e35490dc-f1c8-11e4-9039-0ea364efb121-1465971648986-x.jpg
bika ambon,53.668344_412a59d5-01df-4724-aa0c-e94eadd1286f_1184_1184.jpg
bika ambon,54.majestyk_bika_ambon_pandan_keju_full02.jpg
bika ambon,55.maxresdefault.jpg
bika ambon,56.bika+ambon.jpg
bika ambon,57.10483860=s1280=h960.jpg
bika ambon,58.bika-ambon.jpg
bika ambon,59.bika-ambon-pandan.jpg
bika ambon,6.cara-membuat-bika-ambon-khas-medan-lembut-di-mulut-hwbowcuhyp.jpg
bika ambon,60.bika-ambon-ahun-820x1024.jpg
bika ambon,61.6337109_b.jpg
bika ambon,62.bika%2bambon.png
bika ambon,63.bika_ambon_original_khas_medan_ukuran_10x20_cm.jpg
bika ambon,64.0abe1e8d-9848-4109-9ddd-b785280cfc12__large.jpg
bika ambon,65.resep-bika-ambon-1.jpg
bika ambon,66.3695865516.jpg
bika ambon,67.gsmlgspqv6n67mejihb9gfgdazcq91lr-31353932353637393435d41d8cd98f00b204e9800998ecf8427e_800x800.jpg
bika ambon,68.bika-pandan-2.jpg
bika ambon,69.bika-ambon-ekonomis-praktis-ekonomis-anti-gagal-foto-resep-utama.jpg
bika ambon,7.maxresdefault.jpg
bika ambon,70.image;s=850x0.jpg
bika ambon,71.twv7dephfpsledzgbqfi9zprt8wuufx0-31353932373434363032d41d8cd98f00b204e9800998ecf8427e_800x800.jpg
bika ambon,72.cerita-dibalik-nama-bika-ambon-khas-kota-medan.jpg
bika ambon,73.shutterstock_703469128.jpg
bika ambon,74.maxresdefault.jpg
bika ambon,75.bika-ambon-by-siti-nurjanah.jpg
bika ambon,76.rasamasa-resep-bika-ambon-vimalakirti-widya-sri-rusdianti.jpg
bika ambon,77.1-1637005816-bika-ambon-larizo-hadir-di-semarang-lezat--enak-dan-harga-murah.jpg
bika ambon,78.152811016052597_70982152-7c41-4e83-8507-f535558d3e77.png.jpg
bika ambon,79.560291322aca26.88323407.jpg
bika ambon,8.0_27570d36-60f9-4be6-9fee-b870aa24baf8_700_700.jpg
bika ambon,80.10472408=s1280=h960.jpg
bika ambon,81.1424.1424_f63ac0d318244fb29bb357056c88ab00.jpg
bika ambon,82.majestyk_bika_ambon_pandan_full02.jpg
bika ambon,83.bika-ambon-irit-bahan-lembut-bersarang-foto-resep-utama.jpg
bika ambon,84.kue-bika-ambon-_171112081141-126.jpg
bika ambon,85.802470_720.jpg
bika ambon,86.bika.jpg
bika ambon,87.bika-ambon-openrice-indonesia.jpg
bika ambon,88.53c8946c3a8e69afd07459e0fc35763c.jpeg
bika ambon,89.img_20181007_123141.jpg
bika ambon,9.1566edad-bika-ambon_lc_id.png
bika ambon,90.t_5ea408135ed8c.jpg
bika ambon,91.bika%2bambon.jpg
bika ambon,92.j8i_bika_ambon_medan.jpg
bika ambon,93.bika-ambon-rasa-pandan-suji-.jpg
bika ambon,94.bika-ambon.jpg
bika ambon,95.bika-ambon-zulaikha-oleh-oleh-khas-medan.jpg
bika ambon,96.46-bika-ambon-ekonomis-foto-resep-utama.jpg
gado gado,1.1200px-gado-gado_in_jakarta.jpg
gado gado,10.d7e61c11-3c3a-4147-a9bb-3a1dd08c2fe5.jpeg
gado gado,11.19961152_0f765dca-46bf-4bd8-98d6-a4664177e8f3_877_471.jpg
gado gado,12.750xauto-5-cara-membuat-gado-gado-enak-sehat-mudah-dan-sederhana-1911182.jpg
gado gado,13.gado-gado-2-2.jpg
gado gado,14.gado-gado-1-fp-1.jpg
gado gado,15.2-1-gado-gado-kartika-by-thenekatchef.jpg
gado gado,16.68778868-2303236819802542-5630130584458683148-n-7782b07a5b46e55f92612d77fa9910ff_600x400.jpg
gado gado,17.gado-gado-betawi-foto-resep-utama.jpg
gado gado,18.2821978_8cd184a0-4a9e-435f-b951-3e5e1a069cf0_1560_1560.jpg
gado gado,19.gado_gado.jpg
gado gado,2.resep-gado-gado.jpg
gado gado,20.resep-gado-gado-surabaya-menu-sayuran-segar-untuk-cuaca-panas.jpg
gado gado,21.6dea012e-c17a-4ce2-b111-95360f307ee2.jpg
gado gado,22.photo.jpg
gado gado,23.3659075_c7b24295-c99f-41e2-bdba-e7aa71112cae_720_720.jpg.png
gado gado,24.5e7d6706a79ab.jpg
gado gado,25.154054130387445_0cd53eb2-18af-4e0e-8ea1-4371979652f2.png.jpg
gado gado,26.083531100_1546675008-resep-gado-gado-saus-kacang-lezat-dan-sehat.jpg
gado gado,27.vegan-gado-gado-salad-ilovevegan.com-1-3.jpg
gado gado,28.gado-gado-siram-surabaya-foto-resep-utama.jpg
gado gado,29.vegan-gado-gado-salad-tempeh-portion-800x1200.jpg
gado gado,3.gado-gado-mahi.jpg
gado gado,30.68d712994061f6e1598704ee908dc735.jpg
gado gado,31.gado-gado-malang-foto-resep-utama.jpg
gado gado,32.gado-gado.jpg
gado gado,33.gado-gado.jpg
gado gado,34.164458_b7f7b104-9c09-4d1c-95f6-2d1b90d66ff4_883_883.jpg
gado gado,35.27893433-164120641051391-7811435507191119872-n-77ab88b4662909acc7351635b84a1007.jpg
gado gado,36.resep-gado-gado%2b%25281%2529.jpg
gado gado,37.gado-gado-di-jakarta-02.jpg
gado gado,38.img_2282.jpg
gado gado,39.1329_1_1436799677.jpg
gado gado,4.1200px-gado_gado.jpg
gado gado,40.0_d49849f2-df19-4e10-a67d-f1753cfbe29c_540_960.jpg
gado gado,41.0613299gado-gado780x390.jpg
gado gado,42.gado-gado-25558-1.jpeg
gado gado,43.66256-ilustrasi-gado-gado.jpg
gado gado,44.balinese-gado-gado-lr-500x375.jpg
gado gado,45.088288400_1534148237-gado_gado_bu_hadi_makan_jogja_dot_com.jpg
gado gado,46.e67529fff51a7d119f973c4bb6231031.jpg
gado gado,47.rest_268-1081x720-fit_and_trim-ddd503877ec8cc0f41baf34c8308e1bf.jpeg
gado gado,48.gado-gado-di-malang-perut-kenyang-jalan-tenang-kebutuhan-sayur-terlengkapi-2-819x1024.jpg
gado gado,49.eabf3a784274ad58119a5e0f7910717d.jpg
gado gado,5.resep-gado-gado-sederhana-300x290.jpg
gado gado,50.rest_392-720x720-fit_and_trim-4f1062ab15164885d8ce4c886e46f1f1.jpeg
gado gado,51.proses-pembuatan-gado-gado-_190929074150-785.jpg
gado gado,52.gado-gado-surabaya-by-efa-wati.jpg
gado gado,53.gado-gado-cihapit-1_20160808_092224.jpg
gado gado,54.gado%20gado%20ulek%281%29.jpg
gado gado,55.gado-gado-sayuran-dan-telur-foto-resep-utama.jpg
gado gado,56.5e7d670354c30.jpg
gado gado,57.104127_1419752361_0.jpg
gado gado,58.rest_img-720x1029-fit_and_trim-17427f2f712c27616531190ccfe52139.jpeg
gado gado,59.gado-gado-ulek.jpg
gado gado,6.gado-gado-salad.jpg
gado gado,60.gado-gado-keponggok-1-e1512706492330.jpg
gado gado,61.gado-gado-jadi-makanan-favorit-turis-asing-alasannya-apa-ya-k7hvmorygb.jpg
gado gado,62.4-1-gado-gado-taman-sari-by-whatieatwhatipost.jpg
gado gado,63.gado-gado-betawi-foto-resep-utama.jpg
gado gado,64.lotek-dan-gado-gado.jpg
gado gado,65.gado-gado-6.jpg
gado gado,66.341330767.jpg
gado gado,67.4411068=s1280=h960.jpg
gado gado,68.220px-bahan_gado2.jpg
gado gado,69.maxresdefault.jpg
gado gado,7.resep-gado-gado-padang.jpg
gado gado,70.10560270=s1280=h960.jpg
gado gado,71.n0tuaih9ywav_4jrwzarzmcugsyaimmaoyy_gado-gado_landscapethumbnail_id.png
gado gado,72.gado-gado-salad-with-chicken-11053-1.jpg.webp
gado gado,73.lumpia-gado-gado-750x440.jpg
gado gado,74.gado-gado-sederhana-foto-resep-utama.jpg
gado gado,75.lumpia-gado-gado.jpg
gado gado,76.68019540-35ca-47f3-9e42-c467dc677791_169.jpeg
gado gado,77.8eep2aoapwvrj4amhoqhybn8qnz0mhca-31353837333734363134d41d8cd98f00b204e9800998ecf8427e_800x800.jpg
gado gado,78.edit-1.jpg
gado gado,79.asia-unplated_ep08_gado-gado_mg_5133.jpg.webp
gado gado,8.indonesian-gado-gado-sq.jpg
gado gado,80.img_20190110_204127-1300x1117.jpg
gado gado,81.img_g008-1.jpg
gado gado,82.gado-gado-fit-your-dreams-1000x640.jpg
gado gado,83.0535513aam-1p.jpg
gado gado,84.bf612b94-71ac-4235-badb-87a44b968f6a.jpg
gado gado,85.gado-gado-rolls-peanut-sauce-1.jpg
gado gado,86.gado-gado.jpg
gado gado,87.2016_0421_gado_gado_nl.jpg
gado gado,88.gado-gado-surabaya-by-uci-nurdianah.jpg
gado gado,89.lotek-dan-gado-gado-bu-ning-di-jogja-kenikmatan-melegeda-kuliner-khas-sunda-di-bumi-gudeg-2-1024x1024.jpg
gado gado,9.big-slider-gado-gado-enak-dan-lezat-d15989179c334422677c80293a7b51c0_600x400.jpg
gado gado,90.1364122958.jpg
gado gado,91.9tscucnfxctwrznoli5edn9vwwlgv9zb-31353839373935363330d41d8cd98f00b204e9800998ecf8427e_800x800.jpg
gado gado,92.gvav6kjrsliykqrsnn4ql2bvha.jpg
gado gado,93.gado-gado.jpg
gado gado,94.gado-gado-square.jpg
gado gado,95.raw_gado_gado-vert.jpg
gado gado,96.011486100_1542811444-gado_gado.jpg
gado gado,97.8bad038b9c3847fc37bfbc4cd69de476_1500194663.jpg
gado gado,98.20150730-mh2a8215.jpg
gado gado,99.12857470_f1682d7d-8625-4192-8ced-e84ef9713a1a.jpg
getuk,1.resep-getuk-lindri.jpg
getuk,10.cara-membuat-getuk-ubi-jalar.jpg
getuk,11.maxresdefault.jpg
getuk,12.getuk_lindri.jpg
getuk,13.resep-getuk-goreng.jpg
getuk,14.ea9a536625a0bae4c7f32301377a1a9a.jpg
getuk,15.getuk-lindri-foto-resep-utama.jpg
getuk,16.image-5e42953ed541df03f3377e52.jpg
getuk,17.031291300_1558315665-whatsapp_image_2019-05-20_at_08.16.37.jpeg
getuk,18.maxresdefault.jpg
getuk,19.5db6644ef1013.jpg
getuk,2.8305915c2657f01c8d8e7d5f710bee4d.jpg
getuk,20.b82a81da-57fa-4773-991f-a7b4e691556e.jpeg
getuk,21.getuk.jpeg
getuk,22.getuk%2blindri.jpg
getuk,23.064624900_1546672618-resep-getuk-singkong-tabur-kelapa-parut-legit-gurih.jpg
getuk,24.maxresdefault.jpg
getuk,25.getuk-goreng-kobe.jpg
getuk,26.getuk-lindri-by-didi-susana-kristi.jpg
getuk,27.300px-getuk_goreng_sokaraja.jpg
getuk,28.getuk%20semar.jpg
getuk,29.a1d2992fe26907481d0e6d27a8350e7d.jpg
getuk,3.photo.jpg
getuk,30.getuk-singkong-original-foto-resep-utama.jpg
getuk,31.11e1eeba-f653-459b-8b6a-4395c69b839d.jpeg
getuk,32.cara-membuat-getuk-singkong.jpg
getuk,33.m98iwre1nr9x0savfaiuabkqapauvkis-31353836393530343437d41d8cd98f00b204e9800998ecf8427e_800x800.jpg
getuk,34.maxresdefault.jpg
getuk,35.6d78ecba74d15cb157c093ad2ba21ea5.jpg
getuk,36.5216647=s1280=h960.jpg
getuk,37.mengenal-beragam-jenis-getuk-kudapan-tradisional-favorit-pencinta-kuliner-nusantara-dszcmpbgrj.jpg
getuk,38.17196-getuk-gondok-di-magelang-instagramatinadsliem.jpg
getuk,39.10568170=s1280=h960.jpg
getuk,4.resep-getuk-lindri.jpg
getuk,40.6638773e-b972-491d-bbf7-125acaf572e3.jpeg
getuk,41.-_190921213819-652.jpg
getuk,42.5-resep-cara-membuat-getuk-lindri-singkong-pelangi-goreng-dan-pisang-sederhana-200407h.jpg
getuk,43.t_5db666020c464.jpg
getuk,44.20200430134820-1-getuk-warna-warni-bojonegoro-001-rizka-muallifa.jpg
getuk,45.photo.jpg
getuk,46.0_9e0c7b9b-3095-4520-9681-f12c73126caf_700_700.jpg
getuk,47.maxresdefault.jpg
getuk,48.images_kue_tradisional_getuk-singkong-gula-meraj.jpg
getuk,49.10480124=s1280=h960.jpg
getuk,5.blog_resep-dan-cara-membuat-getuk-tradisional-yang-lezat.jpg
getuk,50.images_kue_tradisional_getuk-lindri.jpg
getuk,51.sentuhan-kekinian-getuk-lindri-ala-chef-yugi-porrtz448q.jpg
getuk,52.getuk-bakar_20171203_022110.jpg
getuk,53.oh-my-gethuk-getuk-singkong-kekinian.jpg
getuk,54.eda122d2-36cb-4188-8108-d3dec1a29424.jpeg
getuk,55.06d0fdf0005dc9d369eecf0df36af552.jpg
getuk,56.getuk-singkong-milenial-27082019-foto-resep-utama.jpg
getuk,57.resep-getuk.jpg
getuk,58.10485824=s1280=h960.jpg
getuk,59.maxresdefault.jpg
getuk,6.resep-getuk-lindri-628x275.jpg
getuk,60.getuk-goreng-semarang-foto-resep-utama.jpg
getuk,61.getuk-goreng-sokaraja-.jpg
getuk,62.getuk-lindri.jpg
getuk,63.getuk-lindri.jpg
getuk,64.potensi_getuk%20lindri%20(22)_edt.jpg
getuk,65.getuk-singkong-keju.jpg
getuk,66.images_kue_tradisional_getuk-lindri-cokelat.jpg
getuk,67.sajian-sedap-resep-getuk-goreng.jpg
getuk,68.maxresdefault.jpg
getuk,69.getuk.jpg
getuk,7.10565890=s1280=h960.jpg
getuk,70.020442600_1471510991-maxresdefault.jpg
getuk,71.r3qiskyeb11440295021.png
getuk,72.10544460=s1280=h960.jpg
getuk,73.getuk-singkong-foto-resep-utama.jpg
getuk,74.28512_wajib-tahu-hal-hal-ini-sebelum-membuat-getuk-lindri.jpg
getuk,75.maxresdefault.jpg
getuk,76.10541148=s1280=h960.jpg
getuk,77.img_20171029_102744.jpg
getuk,78.getuk-yoko-klaten-1-1200x900.jpg
getuk,79.getuk-gulung-foto-resep-utama.jpg
getuk,8.0904-getuk-lindri.jpeg
getuk,80.3508045cc3b1fa46c53f94a6addb9478.jpg
getuk,81.cara-mudah-membuat-getuk-lindri-gurih-dan-lembut.jpg
getuk,82.020345700_1546859285-resep-getuk-keju-lezat-5-bahan.jpg
getuk,83.5201263=s1280=h960.jpg
getuk,84.9.jpg
getuk,85.getuk-goreng-kuliner-khas-banyumas-yang-resepnya-ditemukan-tak-sengaja-1.jpg
getuk,86.20191212123841_paket-tumpeng-getuk-tampah.jpg
getuk,87.images_kue_tradisional_getuk-goreng-isi-keju.jpg
getuk,88.gondok-getuk-magelang-kuliner_20150111_182508.jpg
getuk,89.resep-getuk-lindri-hero-banner-m.original.jpegquality-90.jpg
getuk,9.resep-gteuk-gulung-singkong3.jpg
getuk,90.1854003_3f4c05d8-1d37-45f0-83f5-6c19ab157355.jpg
getuk,91.getuk-singkong-pandan-foto-resep-utama.jpg
getuk,92.10488590=s1280=h960.jpg
getuk,93.maxresdefault.jpg
getuk,94.2329851227.jpg
getuk,95.xbsnz7m0dzupxki1l7nyqozkaxo0tojc-31353837393233373137d41d8cd98f00b204e9800998ecf8427e_800x800.jpg
getuk,96.getuk-warna-warni-foto-resep-utama.jpg
kue cucur,1.resep-kue-cucur.jpg
kue cucur,10.07be1627d640a1858c821f0d13ea222f_600x400.jpg
kue cucur,11.photo.jpg
kue cucur,12.resep-kue-cucur-gula-merah.jpg
kue cucur,13.94b2028010ded5d59bf293e7f82298d1_tn.jpg
kue cucur,14.kue-cucur-ok.jpg
kue cucur,15.bde233968272b453a3a077c2dbb71378.jpg
kue cucur,16.1669116026047384-kue-cucur.jpg
kue cucur,17.6b4125ce-d35f-4dcc-82f8-e7d4b49d690f.jpg
kue cucur,18.10492726=s1280=h960.jpg
kue cucur,19.img-20200403-045436-5e86a90971d6961a031e90d2.jpg
kue cucur,2.resep-kue-cucur.jpg
kue cucur,20.422945997_89a25c4d-b9aa-41c3-9816-3603d898a411_540_540.jpg
kue cucur,21.t_5eec8706370c5.jpg
kue cucur,22.1605796579.jpg
kue cucur,23.maxresdefault.jpg
kue cucur,24.3749729889.jpg
kue cucur,25.cucur2a.jpg
kue cucur,26.kue-cucur-gula-merah-empukk-dan-bersarang-%f0%9f%92%ae-foto-resep-utama.jpg
kue cucur,27.maxresdefault.jpg
kue cucur,28.5229699=s1280=h960.jpg
kue cucur,29.yrkgo1razfd7sd7eusygmeqzv5jo5bbt-31353836363833313334d41d8cd98f00b204e9800998ecf8427e_800x800.jpg
kue cucur,3.kue-cucur.jpg
kue cucur,30.maxresdefault.jpg
kue cucur,31.resep-kue-cucur-manado.jpg
kue cucur,32.535288_620.jpg
kue cucur,33.1bba6a4b7f3860c92c7bb3b5d69ef21d.jpg
kue cucur,34.kue_cucur_tampil_kekinian_digemari_di_malangq5pc7.jpg
kue cucur,35.kue-cucur-gula-merah-foto-resep-utama.jpg
kue cucur,36.20190210kue-cucur.jpg
kue cucur,37.104127_1424849769_0.jpg
kue cucur,38.detail-cucur-aneka-toping.jpg
kue cucur,39.cara-membuat-kue-cucur.jpg
kue cucur,4.9859082d43de08bbbcdf8a67220484e4.jpg
kue cucur,40.81328931_93cacb17-71e8-4ce3-8acf-f58258b31108_1280_1280.jpg
kue cucur,41.kue_cucur_enak.jpg
kue cucur,42.cucur%2bmerah%2bgula%2bjawa.jpg
kue cucur,43.kue-cucur.jpg
kue cucur,44.kue-cucur-c.jpg
kue cucur,45.sf8ssfr4clmiezf89zwqoqdtdxthf4gb-31353832393037393735d41d8cd98f00b204e9800998ecf8427e_800x800.jpg
kue cucur,46.8323026d07e4cf6f688723fc0d9efe1e.jpg
kue cucur,47.1-13-750x430.jpg
kue cucur,48.1_yemzei.jpg
kue cucur,49.images_kue_tradisional_resep-kue-cucur-pandan1.jpg
kue cucur,5.kue-cucur-gula-merah-empuk-foto-resep-utama.jpg
kue cucur,50.bola-deli-tb-cucur-props-website-main.jpg
kue cucur,51.kue-cucur-gula-merah-foto-resep-utama.jpg
kue cucur,52.resep-kue-cucur-manado-foto-resep-utama.jpg
kue cucur,53.12219-ngakak-niat-saingi-oreo-supreme-viral-kue-cucur-berlogo-louis-vuitton-twitteratvalentfun21.jpg
kue cucur,54.076432800_1543307419-resep-kue-cucur-rasa-pandan.jpg
kue cucur,55.4160px-kue_cucur%2c_jakarta%2c_july_4_2018.jpg
kue cucur,56.5217223=s1280=h960.jpg
kue cucur,57.7d03bfaa1ccade83acb33d9f8bbcc814.jpg
kue cucur,58.cucur.jpg
kue cucur,59.dc80ecfac00b5ff3c1908807dbe516f9.jpg
kue cucur,60.kue-cucur.jpg
kue cucur,61.sajian-sedap-resep-kue-cucur-enak.jpg
kue cucur,62.resep-kue-cucur-gula-merah-dan-kue-cucur-pandan-manis-berserat.jpg
kue cucur,63.1.-kue-cucur-pandan.jpg
kue cucur,64.kue%2bcucur.png
kue cucur,65.kue_cucur_khas_tangerang.jpg
kue cucur,66.kue-cucur.jpg
kue cucur,67.maxresdefault.jpg
kue cucur,68.img_20190118_194631.jpg
kue cucur,69.5-resep-cara-membuat-kue-cucur-gula-merah-gula-putih-pandan-yang-berserat-enak-dan-empuk--200302y.jpg
kue cucur,7.images_kue_tradisional_resep-kue-cucur-gula-merah.jpg
kue cucur,70.resep_kue_cucur.png
kue cucur,71.kue%2bcucur.jpg
kue cucur,72.p_20150920_063340_1.jpg
kue cucur,73.059357300_1543313623-resep-menu-takjil-kue-cucur-pandan-legit-menggigit.jpg
kue cucur,74.kue-cucur-bersarang-foto-resep-utama.jpg
kue cucur,75.kue-cucur-by-tri-yunianti.jpg
kue cucur,76.09311222710184369975.large.jpg
kue cucur,77.cara-membuat-kue-cucur-pandan.jpg
kue cucur,78.kue-cucur-w-product-510x306.jpg
kue cucur,79.cara-membuat-kue-cucur.jpg
kue cucur,8.kue-cucur-anti-gagal-by-ummu-fita-alfiana.jpg
kue cucur,80.qpm341szksg6qzshhgzvpf65f4jkek67-31353831303539373039d41d8cd98f00b204e9800998ecf8427e_800x800.jpg
kue cucur,81.kue-cucur-foto-resep-utama.jpg
kue cucur,82.872414d1d813afc2ad44219a5abcfe38.jpg
kue cucur,83.kue-cucur.jpg
kue cucur,84.kue_cucur_manis_renyah_bogor_2458394_20150304103849.jpg
kue cucur,85.2372320385.jpg
kue cucur,86.kue-cucur-gula-merah_20171001_162812.jpg
kue cucur,87.resep-camilan-tradisional-kue-cucur-unjrgwudvk.jpg
kue cucur,88.resep-kue-cucur-680x350.jpg
kue cucur,89.rasamasa-resep-thumbnail-kue-cucur.jpg
kue cucur,9.20507838_2eb4e4be-58e7-408c-bc8f-627b0fe74e69_815_815.jpg
kue cucur,90.kue-cucur.jpg
kue cucur,91.958634194.jpg
kue cucur,92.kue-cucur.jpg
kue cucur,93.kue-cucur-01.jpg
kue cucur,94.kue%2bcucur.jpg
kue cucur,95.20200228135046-1-ilustrasi-kue-cucur-001-tantri-setyorini-vmdkimg28134333.jpg
kue cucur,96.image;s=850x0.jpg
kue cucur,97.cara-membuat-kue-cucur-pisang.jpg
kue cucur,98.20200517012752-setelah-oreo-suprem-muncul-kue-cucur-viral-berlogo-lois-vuitto-head-to-head-saingan-nih.jpg
mie ayam,1.images_mie_mie_ayam_14-mie-ayam-kampung-1200x720.jpg
mie ayam,10.57325334-527542737651046-5177539548100002288-n-3ac503368fe23cde3b71febf4eec8c72_600x400.jpg
mie ayam,11.picture-1573210202.jpg
mie ayam,12.resep-mie-ayam-homemade.jpg
mie ayam,13.40379-sajian-mie-ayam-bakso-shutterstock.jpg
mie ayam,14.resep-mie-ayam-abang-abang.jpg
mie ayam,15.mi-ayam-tumini-giwangan-3466b52e6fc439752f6687fa90e8ca4a.jpg
mie ayam,16.dg8jq6uiwoe3hgaaick4gsxts2vfkhir-31353733363536393133d41d8cd98f00b204e9800998ecf8427e_800x800.jpg
mie ayam,17.efek-keseringan-makan-mie-ayam-min.jpg
mie ayam,18.mie-ayam-selasabisa-foto-resep-utama.jpg
mie ayam,19.foto_thumbnail_mie_ayam.jpg
mie ayam,2.bfe4b810-7029-401a-a31a-6418226ba95f_43.jpeg
mie ayam,20.161eebbf-145b-4c4c-abb8-9429b19e8443.jpeg
mie ayam,21.mie-ayam-solo-foto-resep-utama.jpg
mie ayam,22.dfec7e1631c8ea22e9a36d9c1fcc3fab.jpg
mie ayam,23.4b0fab37-0079-4203-a1bc-311560371e9b_43.jpeg
mie ayam,24.516bb5c65c7f16b9a8405b1e2cf9b949.jpg
mie ayam,25.mie-ayam.jpeg
mie ayam,26.3-cara-membuat-mie-ayam-sederhana-di-rumah.jpg
mie ayam,27.403fe3ce-f18d-4730-8a4b-18252c321724.jpg
mie ayam,28.76974178_141278027298288_1494088589721261338_n.jpg
mie ayam,29.0b662ec8-6f93-4e31-a52a-ee64412cd820.jpg
mie ayam,3.31ccb56c-5b9d-406c-935a-07570df3cda6.jpeg
mie ayam,31.mie-ayam-bakso-yunus-yang-legendaris-langganan-para-pejabat-dan-artis-1-819x1024.jpg
mie ayam,32.mie-ayam-bangka-hero.original.jpegquality-90.jpg
mie ayam,33.mie-ayam-tumini.jpg
mie ayam,34.mie-ayam-solo-%f0%9f%8d%9d-foto-resep-utama.jpg
mie ayam,35.resep-mie-ayam-pangsit-sederhana-ala-rumahan.jpg
mie ayam,36.5e6cf412cb659.jpg
mie ayam,37.mie-ayam-bangka-mommy-wiwien.jpg
mie ayam,38.ed4cc093-8e33-488c-a779-9d84f5e47c8f_43.jpeg
mie ayam,39.rest_kim-720x720-fit_and_trim-16ba727727a7e8bff124433f26825005.jpeg
mie ayam,4.https__selerasa.com_images_mie_mie_ayam_07-mie-ayam-spesial.jpg
mie ayam,40.mi-ayam-di-jogja_20180830_163259.jpg
mie ayam,41.3-resep-mie-ayam-enak-dari-mie-ayam-solo-sampai-mie-ayam-jakarta.jpg
mie ayam,42.hipwee-mie-ayammm-750x422.jpg
mie ayam,43.22008431_1549768652721_ff594ac0e0975113.jpg
mie ayam,44.50028768_379750852843473_4522562994911087384_n.jpg
mie ayam,45.maxresdefault.jpg
mie ayam,46.47080-mie-ayam.jpg
mie ayam,47.ngidam-makan-mi-ayam-yuk-intip-resep-lengkapnya-gijucr8gqw.jpg
mie ayam,48.resep-mie-ayam-kampung-spesial-5ca5bdc4a8bc15415a6999b4.png.jpg
mie ayam,49.hipwee-mie-ayam-789-min1-640x800.jpg
mie ayam,5.mie-ayam-kecap-620x440.jpg
mie ayam,50.d97fd63b42c19f0de99b350b674eb55d.jpg
mie ayam,51.travelblogid-mie-ayam-khas..jpeg
mie ayam,52.035abcfe-resep-mie-ayam-enak-dan-murah-yang-menggugah-selera-siapkan-uangnya-01-finansialku.jpg
mie ayam,53.end-shot-780x440.jpg
mie ayam,54.20190803_165526_01_ogl.jpeg
mie ayam,55.resep-mie-ayam-ceker.jpg
mie ayam,56.zzz-9a5907f3c01055dccbb437da2066f166_600x400.jpg
mie ayam,57.dbc7c037-bac4-4366-b7c6-9a3c48f2fb1a.jpg
mie ayam,58.mie-ayam-ceker-bakso-foto-resep-utama.jpg
mie ayam,59.large-mie-ayam-enak-di-jogja-kuliner-tumini-afui-pak-pendek-pangsit-bakso-0771c2ccdc1df1330.jpg
mie ayam,6.mi_ayam_jamur.jpg
mie ayam,60.mie-ayam-sehat.jpg
mie ayam,61.mi_ayam_biasa.jpg
mie ayam,62.resep-mie-ayam-geprek.jpg
mie ayam,63.resep-mie-ayam.jpeg
mie ayam,64.mie-ayam-sidoarjo.jpg
mie ayam,65.c90ebffe9604a3e5a22e62e2167cd8f8_800x800.jpg
mie ayam,66.facetune_18-01-2019-16-04-42_large.jpg
mie ayam,67.instagram-bagustikus.jpg
mie ayam,69.mie-ayam-abang-abang-foto-resep-utama.jpg
mie ayam,7.750xauto-10-cara-membuat-mie-ayam-lezat-sederhana-dan-praktis-1910085.jpg
mie ayam,70.mie-ayam-foto-resep-utama.jpg
mie ayam,71.mie-ayam-bakso-malam-bakulan-bantul.jpg
mie ayam,72.bakmi-ayam-di-jakarta-01.jpg
mie ayam,73.5d95538292f86.jpg
mie ayam,74.selisih-seribu-ini-beda-mie-ayam-dan-cwie-mie-170121n.jpg
mie ayam,75.mie-ayam-saus-lada-hitam-7.jpg
mie ayam,76.mie-ayam-bangka-pr_anekamiekuah-foto-resep-utama.jpg
mie ayam,77.mie-ayam-berkat1.jpg
mie ayam,78.mie-ayam-rp-2000-2.jpg
mie ayam,79.media-2-736cb43ae90db1d20c7260acefcc253d.png
mie ayam,8.1108674-1000xauto-cara-membuat-mie-ayam.jpg
mie ayam,80.mie-ayam-ceker-bakso-foto-resep-utama.jpg
mie ayam,81.resep-mie-ayam-yang-enak.jpg
mie ayam,82.8e9eadd6-73ac-41e0-b408-50c846668b00.jpeg
mie ayam,83.mie%2bayam%2bala%2babang-abang.jpg
mie ayam,84.f7e93854a7d1e27b91b02307b756a523.jpg
mie ayam,85.hqdefault.jpg
mie ayam,86.mie-ayam-foto-resep-utama.jpg
mie ayam,87.80141bc7-18fd-4325-b309-c34548e34c04.jpeg
mie ayam,88.be708ce941009059e3895a2e9601864b.jpg
mie ayam,89.images_mie_mie_ayam_15-mie-ayam-bakso.jpg
mie ayam,9.resep-mie-ayam-bakso.jpg
mie ayam,90.resep-mie-ayam-jamur.jpg
mie ayam,91.img_02042020_175238__822_x_430_piksel_.jpg
mie ayam,92.resep-mie-pangsit.jpg
mie ayam,93.maxresdefault.jpg
mie ayam,94.15d207c5-1825-4231-9243-c627a0aaca27.jpeg
mie ayam,95.mie-ayam-wajan-2.jpg
mie ayam,96.bakmi-ayam-di-jakarta-10.jpg
